"city_id","city_cd","city_name","city_englsh_name","stts_ind","crt_user","crt_dt","updt_user","updt_dt","prvnc_cd"
9251,"3711","日照市","Rizhao City",1,"CSO_PROCS","2020-09-06 19:00:11","Administrator","2020-09-06 19:00:11","CN-SD"
9252,"3712","莱芜市","Laiwu City",1,"CSO_PROCS","2020-09-06 19:00:11","Administrator","2020-09-06 19:00:11","CN-SD"
9253,"3713","临沂市","Linyi City",1,"CSO_PROCS","2020-09-06 19:00:11","Administrator","2020-09-06 19:00:11","CN-SD"
9254,"3715","聊城市","Liaocheng",1,"CSO_PROCS","2020-09-06 19:00:11","Administrator","2020-09-06 19:00:11","CN-SD"
9255,"3716","滨州市","Binzhou City",1,"CSO_PROCS","2020-09-06 19:00:11","Administrator","2020-09-06 19:00:11","CN-SD"
9256,"3717","菏泽市","Heze City",1,"CSO_PROCS","2020-09-06 19:00:11","Administrator","2020-09-06 19:00:11","CN-SD"
9257,"4101","郑州市","Zhengzhou",1,"CSO_PROCS","2020-09-06 19:00:11","Administrator","2020-09-06 19:00:11","CN-HEN"
9258,"4102","开封市","Kaifeng City",1,"CSO_PROCS","2020-09-06 19:00:11","Administrator","2020-09-06 19:00:11","CN-HEN"
9259,"4104","平顶山市","Pingdingshan",1,"CSO_PROCS","2020-09-06 19:00:11","Administrator","2020-09-06 19:00:11","CN-HEN"
9260,"4105","安阳市","Anyang City",1,"CSO_PROCS","2020-09-06 19:00:11","Administrator","2020-09-06 19:00:11","CN-HEN"
9261,"4106","鹤壁市","Hebi City",1,"CSO_PROCS","2020-09-06 19:00:11","Administrator","2020-09-06 19:00:11","CN-HEN"
9262,"4107","新乡市","Xinxiang City",1,"CSO_PROCS","2020-09-06 19:00:11","Administrator","2020-09-06 19:00:11","CN-HEN"
9263,"4108","焦作市","Jiaozuo City",1,"CSO_PROCS","2020-09-06 19:00:11","Administrator","2020-09-06 19:00:11","CN-HEN"
9264,"4110","许昌市","Xuchang City",1,"CSO_PROCS","2020-09-06 19:00:11","Administrator","2020-09-06 19:00:11","CN-HEN"
9265,"4111","漯河市","Luohe",1,"CSO_PROCS","2020-09-06 19:00:11","Administrator","2020-09-06 19:00:11","CN-HEN"
9266,"4112","三门峡市","Sanmenxia City",1,"CSO_PROCS","2020-09-06 19:00:11","Administrator","2020-09-06 19:00:11","CN-HEN"
9267,"4113","南阳市","Nanyang City",1,"CSO_PROCS","2020-09-06 19:00:11","Administrator","2020-09-06 19:00:11","CN-HEN"
9268,"4114","商丘市","Shangqiu",1,"CSO_PROCS","2020-09-06 19:00:11","Administrator","2020-09-06 19:00:11","CN-HEN"
9269,"4116","周口市","Zhoukou",1,"CSO_PROCS","2020-09-06 19:00:11","Administrator","2020-09-06 19:00:11","CN-HEN"
9270,"4117","驻马店市","Zhumadian",1,"CSO_PROCS","2020-09-06 19:00:11","Administrator","2020-09-06 19:00:11","CN-HEN"
9271,"4190","济源市","Jiyuan City",1,"CSO_PROCS","2020-09-06 19:00:11","Administrator","2020-09-06 19:00:11","CN-HEN"
9272,"4201","武汉市","Wuhan",1,"CSO_PROCS","2020-09-06 19:00:11","Administrator","2020-09-06 19:00:11","CN-HB"
9273,"4202","黄石市","Huangshi City",1,"CSO_PROCS","2020-09-06 19:00:11","Administrator","2020-09-06 19:00:11","CN-HB"
9274,"4205","宜昌市","Yichang City",1,"CSO_PROCS","2020-09-06 19:00:11","Administrator","2020-09-06 19:00:11","CN-HB"
9275,"4206","襄阳市","Xiangfan City",1,"CSO_PROCS","2020-09-06 19:00:11","Administrator","2020-09-06 19:00:11","CN-HB"
9276,"4207","鄂州市","Ezhou",1,"CSO_PROCS","2020-09-06 19:00:11","Administrator","2020-09-06 19:00:11","CN-HB"
9277,"4208","荆门市","Jingmen",1,"CSO_PROCS","2020-09-06 19:00:11","Administrator","2020-09-06 19:00:11","CN-HB"
9278,"4209","孝感市","Xiaogan",1,"CSO_PROCS","2020-09-06 19:00:11","Administrator","2020-09-06 19:00:11","CN-HB"
9279,"4212","咸宁市","Xianning",1,"CSO_PROCS","2020-09-06 19:00:11","Administrator","2020-09-06 19:00:11","CN-HB"
9280,"4213","随州市","Suizhou",1,"CSO_PROCS","2020-09-06 19:00:11","Administrator","2020-09-06 19:00:11","CN-HB"
9281,"4228","恩施土家族苗族自治州","Enshi",1,"CSO_PROCS","2020-09-06 19:00:11","Administrator","2020-09-06 19:00:11","CN-HB"
9282,"4229","仙桃市","Xiantao City",1,"CSO_PROCS","2020-09-06 19:00:11","Administrator","2020-09-06 19:00:11","CN-HB"
9283,"4230","潜江市","Qianjiang City",1,"CSO_PROCS","2020-09-06 19:00:11","Administrator","2020-09-06 19:00:11","CN-HB"
9284,"4231","天门市","Tianmen",1,"CSO_PROCS","2020-09-06 19:00:11","Administrator","2020-09-06 19:00:11","CN-HB"
9285,"4232","神农架林区","Shennongjia",1,"CSO_PROCS","2020-09-06 19:00:11","Administrator","2020-09-06 19:00:11","CN-HB"
9286,"4301","长沙市","Changsha",1,"CSO_PROCS","2020-09-06 19:00:11","Administrator","2020-09-06 19:00:11","CN-HUN"
9287,"4302","株洲市","Zhuzhou City",1,"CSO_PROCS","2020-09-06 19:00:11","Administrator","2020-09-06 19:00:11","CN-HUN"
9288,"4304","衡阳市","Hengyang City",1,"CSO_PROCS","2020-09-06 19:00:11","Administrator","2020-09-06 19:00:11","CN-HUN"
9289,"4305","邵阳市","Shaoyang City",1,"CSO_PROCS","2020-09-06 19:00:11","Administrator","2020-09-06 19:00:11","CN-HUN"
9290,"4306","岳阳市","Yueyang City",1,"CSO_PROCS","2020-09-06 19:00:11","Administrator","2020-09-06 19:00:11","CN-HUN"
9291,"4307","常德市","Changde City",1,"CSO_PROCS","2020-09-06 19:00:11","Administrator","2020-09-06 19:00:11","CN-HUN"
9292,"4309","益阳市","Yiyang City",1,"CSO_PROCS","2020-09-06 19:00:11","Administrator","2020-09-06 19:00:11","CN-HUN"
9293,"4311","永州市","Yongzhou",1,"CSO_PROCS","2020-09-06 19:00:11","Administrator","2020-09-06 19:00:11","CN-HUN"
9294,"4312","怀化市","Huaihua City",1,"CSO_PROCS","2020-09-06 19:00:11","Administrator","2020-09-06 19:00:11","CN-HUN"
9295,"4313","娄底市","Loudi",1,"CSO_PROCS","2020-09-06 19:00:11","Administrator","2020-09-06 19:00:11","CN-HUN"
9296,"4331","湘西土家族苗族自治州","Tujia and Miao Autonomous Prefecture",1,"CSO_PROCS","2020-09-06 19:00:11","Administrator","2020-09-06 19:00:11","CN-HUN"
9297,"4401","广州市","Guangzhou",1,"CSO_PROCS","2020-09-06 19:00:11","Administrator","2020-09-06 19:00:11","CN-GD"
9298,"4403","深圳市","Shenzhen",1,"CSO_PROCS","2020-09-06 19:00:11","Administrator","2020-09-06 19:00:11","CN-GD"
9299,"4404","珠海市","Zhuhai",1,"CSO_PROCS","2020-09-06 19:00:11","Administrator","2020-09-06 19:00:11","CN-GD"
9300,"4405","汕头市","Shantou",1,"CSO_PROCS","2020-09-06 19:00:11","Administrator","2020-09-06 19:00:11","CN-GD"
9301,"4406","佛山市","Foshan",1,"CSO_PROCS","2020-09-06 19:00:11","Administrator","2020-09-06 19:00:11","CN-GD"
9302,"4407","江门市","Jiangmen",1,"CSO_PROCS","2020-09-06 19:00:11","Administrator","2020-09-06 19:00:11","CN-GD"
9303,"4409","茂名市","Maoming City",1,"CSO_PROCS","2020-09-06 19:00:11","Administrator","2020-09-06 19:00:11","CN-GD"
9304,"4412","肇庆市","Zhaoqing City",1,"CSO_PROCS","2020-09-06 19:00:11","Administrator","2020-09-06 19:00:11","CN-GD"
9305,"4413","惠州市","Huizhou City",1,"CSO_PROCS","2020-09-06 19:00:11","Administrator","2020-09-06 19:00:11","CN-GD"
9306,"4414","梅州市","Meizhou",1,"CSO_PROCS","2020-09-06 19:00:11","Administrator","2020-09-06 19:00:11","CN-GD"
9307,"4415","汕尾市","Shanwei City",1,"CSO_PROCS","2020-09-06 19:00:11","Administrator","2020-09-06 19:00:11","CN-GD"
9308,"4417","阳江市","Yangjiang",1,"CSO_PROCS","2020-09-06 19:00:11","Administrator","2020-09-06 19:00:11","CN-GD"
9309,"4418","清远市","Qingyuan",1,"CSO_PROCS","2020-09-06 19:00:11","Administrator","2020-09-06 19:00:11","CN-GD"
9310,"4419","东莞市","Dongguan",1,"CSO_PROCS","2020-09-06 19:00:11","Administrator","2020-09-06 19:00:11","CN-GD"
9311,"4420","中山市","Zhongshan",1,"CSO_PROCS","2020-09-06 19:00:11","Administrator","2020-09-06 19:00:11","CN-GD"
9312,"4451","潮州市","Chaozhou City",1,"CSO_PROCS","2020-09-06 19:00:11","Administrator","2020-09-06 19:00:11","CN-GD"
9313,"4453","云浮市","Yunfu",1,"CSO_PROCS","2020-09-06 19:00:11","Administrator","2020-09-06 19:00:11","CN-GD"
9314,"4501","南宁市","Nanning",1,"CSO_PROCS","2020-09-06 19:00:11","Administrator","2020-09-06 19:00:11","CN-GX"
9315,"4502","柳州市","Liuzhou",1,"CSO_PROCS","2020-09-06 19:00:11","Administrator","2020-09-06 19:00:11","CN-GX"
9316,"4503","桂林市","Guilin",1,"CSO_PROCS","2020-09-06 19:00:11","Administrator","2020-09-06 19:00:11","CN-GX"
9317,"4504","梧州市","Wuzhou",1,"CSO_PROCS","2020-09-06 19:00:11","Administrator","2020-09-06 19:00:11","CN-GX"
9318,"4506","防城港市","Fangchenggang",1,"CSO_PROCS","2020-09-06 19:00:11","Administrator","2020-09-06 19:00:11","CN-GX"
9319,"4507","钦州市","Qinzhou",1,"CSO_PROCS","2020-09-06 19:00:11","Administrator","2020-09-06 19:00:11","CN-GX"
9320,"4508","贵港市","Guigang",1,"CSO_PROCS","2020-09-06 19:00:11","Administrator","2020-09-06 19:00:11","CN-GX"
9321,"4510","百色市","Baise City",1,"CSO_PROCS","2020-09-06 19:00:11","Administrator","2020-09-06 19:00:11","CN-GX"
9322,"4512","河池市","Hechi",1,"CSO_PROCS","2020-09-06 19:00:11","Administrator","2020-09-06 19:00:11","CN-GX"
9323,"4513","来宾市","Laibin",1,"CSO_PROCS","2020-09-06 19:00:11","Administrator","2020-09-06 19:00:11","CN-GX"
9324,"4514","崇左市","Chongzuo",1,"CSO_PROCS","2020-09-06 19:00:11","Administrator","2020-09-06 19:00:11","CN-GX"
9325,"4602","三亚市","Sanya City",1,"CSO_PROCS","2020-09-06 19:00:11","Administrator","2020-09-06 19:00:11","CN-HN"
9326,"4603","五指山市","Wuzhishan",1,"CSO_PROCS","2020-09-06 19:00:11","Administrator","2020-09-06 19:00:11","CN-HN"
9327,"4604","琼海市","Qionghai",1,"CSO_PROCS","2020-09-06 19:00:11","Administrator","2020-09-06 19:00:11","CN-HN"
9328,"4606","文昌市","Wenchang City",1,"CSO_PROCS","2020-09-06 19:00:11","Administrator","2020-09-06 19:00:11","CN-HN"
9329,"4607","万宁市","Wanning City",1,"CSO_PROCS","2020-09-06 19:00:11","Administrator","2020-09-06 19:00:11","CN-HN"
9330,"4608","东方市","Oriental City",1,"CSO_PROCS","2020-09-06 19:00:11","Administrator","2020-09-06 19:00:11","CN-HN"
9331,"4610","屯昌县","Tunchang County",1,"CSO_PROCS","2020-09-06 19:00:11","Administrator","2020-09-06 19:00:11","CN-HN"
9332,"4611","澄迈县","Chengmai County",1,"CSO_PROCS","2020-09-06 19:00:11","Administrator","2020-09-06 19:00:11","CN-HN"
9333,"4613","白沙黎族自治县","Baisha Li Autonomous County",1,"CSO_PROCS","2020-09-06 19:00:11","Administrator","2020-09-06 19:00:11","CN-HN"
9334,"4615","乐东黎族自治县","Ledong Li Autonomous County",1,"CSO_PROCS","2020-09-06 19:00:11","Administrator","2020-09-06 19:00:11","CN-HN"
9335,"4616","陵水黎族自治县","Lingshui Li Autonomous County",1,"CSO_PROCS","2020-09-06 19:00:11","Administrator","2020-09-06 19:00:11","CN-HN"
9336,"4618","琼中黎族苗族自治县","Qiongzhong Li and Miao Autonomous County ",1,"CSO_PROCS","2020-09-06 19:00:11","Administrator","2020-09-06 19:00:11","CN-HN"
9337,"5001","重庆市","Chongqing",1,"CSO_PROCS","2020-09-06 19:00:11","Administrator","2020-09-06 19:00:11","CN-CQ"
9338,"5104","攀枝花市","Panzhihua City",1,"CSO_PROCS","2020-09-06 19:00:11","Administrator","2020-09-06 19:00:11","CN-SC"
9339,"5105","泸州市","Luzhou City",1,"CSO_PROCS","2020-09-06 19:00:11","Administrator","2020-09-06 19:00:11","CN-SC"
9340,"5106","德阳市","Deyang City",1,"CSO_PROCS","2020-09-06 19:00:11","Administrator","2020-09-06 19:00:11","CN-SC"
9341,"5108","广元市","Guangyuan",1,"CSO_PROCS","2020-09-06 19:00:11","Administrator","2020-09-06 19:00:11","CN-SC"
9342,"5110","内江市","Neijiang",1,"CSO_PROCS","2020-09-06 19:00:11","Administrator","2020-09-06 19:00:11","CN-SC"
9343,"5111","乐山市","Leshan City",1,"CSO_PROCS","2020-09-06 19:00:11","Administrator","2020-09-06 19:00:11","CN-SC"
9344,"5114","眉山市","Meishan City",1,"CSO_PROCS","2020-09-06 19:00:11","Administrator","2020-09-06 19:00:11","CN-SC"
9345,"5115","宜宾市","Yibin City",1,"CSO_PROCS","2020-09-06 19:00:11","Administrator","2020-09-06 19:00:11","CN-SC"
9346,"5116","广安市","Guang'an",1,"CSO_PROCS","2020-09-06 19:00:11","Administrator","2020-09-06 19:00:11","CN-SC"
9347,"5117","达州市","Dazhou",1,"CSO_PROCS","2020-09-06 19:00:11","Administrator","2020-09-06 19:00:11","CN-SC"
9348,"5119","巴中市","Bazhong",1,"CSO_PROCS","2020-09-06 19:00:11","Administrator","2020-09-06 19:00:11","CN-SC"
9349,"5120","资阳市","Ziyang",1,"CSO_PROCS","2020-09-06 19:00:11","Administrator","2020-09-06 19:00:11","CN-SC"
9350,"5133","甘孜藏族自治州","Ganzi Tibetan Autonomous Prefecture",1,"CSO_PROCS","2020-09-06 19:00:11","Administrator","2020-09-06 19:00:11","CN-SC"
9351,"5134","凉山彝族自治州","Liangshan Yi Autonomous Prefecture",1,"CSO_PROCS","2020-09-06 19:00:11","Administrator","2020-09-06 19:00:11","CN-SC"
9352,"5202","六盘水市","Liupanshui",1,"CSO_PROCS","2020-09-06 19:00:11","Administrator","2020-09-06 19:00:11","CN-GZ"
9353,"5203","遵义市","Zunyi City",1,"CSO_PROCS","2020-09-06 19:00:11","Administrator","2020-09-06 19:00:11","CN-GZ"
9354,"5204","安顺市","Anshun City",1,"CSO_PROCS","2020-09-06 19:00:11","Administrator","2020-09-06 19:00:11","CN-GZ"
9355,"5224","毕节市","Bijie",1,"CSO_PROCS","2020-09-06 19:00:11","Administrator","2020-09-06 19:00:11","CN-GZ"
9356,"5226","黔东南苗族侗族自治州","Southeast Guizhou Miao-Dong Autonomous Prefecture",1,"CSO_PROCS","2020-09-06 19:00:11","Administrator","2020-09-06 19:00:11","CN-GZ"
9357,"5227","黔南布依族苗族自治州","Qiannan Buyi and Miao Autonomous Prefecture",1,"CSO_PROCS","2020-09-06 19:00:11","Administrator","2020-09-06 19:00:11","CN-GZ"
9358,"5303","曲靖市","Qujing",1,"CSO_PROCS","2020-09-06 19:00:11","Administrator","2020-09-06 19:00:11","CN-YN"
9359,"5304","玉溪市","Yuxi City",1,"CSO_PROCS","2020-09-06 19:00:11","Administrator","2020-09-06 19:00:11","CN-YN"
9360,"5305","保山市","Baoshan City",1,"CSO_PROCS","2020-09-06 19:00:11","Administrator","2020-09-06 19:00:11","CN-YN"
9361,"5306","昭通市","Zhaotong",1,"CSO_PROCS","2020-09-06 19:00:11","Administrator","2020-09-06 19:00:11","CN-YN"
9362,"5308","普洱市","Pu'er City",1,"CSO_PROCS","2020-09-06 19:00:11","Administrator","2020-09-06 19:00:11","CN-YN"
9363,"5309","临沧市","Lincang",1,"CSO_PROCS","2020-09-06 19:00:11","Administrator","2020-09-06 19:00:11","CN-YN"
9364,"5325","红河哈尼族彝族自治州","Honghe Hani and Yi Autonomous Prefecture",1,"CSO_PROCS","2020-09-06 19:00:11","Administrator","2020-09-06 19:00:11","CN-YN"
9365,"5328","西双版纳傣族自治州","Xishuangbanna Dai Autonomous Prefecture",1,"CSO_PROCS","2020-09-06 19:00:11","Administrator","2020-09-06 19:00:11","CN-YN"
9366,"5329","大理白族自治州","Dali Bai Autonomous Prefecture",1,"CSO_PROCS","2020-09-06 19:00:11","Administrator","2020-09-06 19:00:11","CN-YN"
9367,"5333","怒江傈僳族自治州","Nujiang Lisu Autonomous Prefecture",1,"CSO_PROCS","2020-09-06 19:00:11","Administrator","2020-09-06 19:00:11","CN-YN"
9368,"5401","拉萨市","Lhasa",1,"CSO_PROCS","2020-09-06 19:00:11","Administrator","2020-09-06 19:00:11","CN-XZ"
9369,"5421","昌都市","Qamdo",1,"CSO_PROCS","2020-09-06 19:00:11","Administrator","2020-09-06 19:00:11","CN-XZ"
9370,"5422","山南市","Shannan",1,"CSO_PROCS","2020-09-06 19:00:11","Administrator","2020-09-06 19:00:11","CN-XZ"
9371,"5423","日喀则市","Xigaze",1,"CSO_PROCS","2020-09-06 19:00:11","Administrator","2020-09-06 19:00:11","CN-XZ"
9372,"5424","那曲市","Nagqu",1,"CSO_PROCS","2020-09-06 19:00:11","Administrator","2020-09-06 19:00:11","CN-XZ"
9373,"5425","阿里地区","Ngari",1,"CSO_PROCS","2020-09-06 19:00:11","Administrator","2020-09-06 19:00:11","CN-XZ"
9374,"5426","林芝市","Nyingchi",1,"CSO_PROCS","2020-09-06 19:00:11","Administrator","2020-09-06 19:00:11","CN-XZ"
9375,"6102","铜川市","Tongchuan",1,"CSO_PROCS","2020-09-06 19:00:11","Administrator","2020-09-06 19:00:11","CN-SAX"
9376,"6103","宝鸡市","Baoji City",1,"CSO_PROCS","2020-09-06 19:00:11","Administrator","2020-09-06 19:00:11","CN-SAX"
9377,"6104","咸阳市","Xianyang City",1,"CSO_PROCS","2020-09-06 19:00:11","Administrator","2020-09-06 19:00:11","CN-SAX"
9378,"6106","延安市","Yan'an City",1,"CSO_PROCS","2020-09-06 19:00:11","Administrator","2020-09-06 19:00:11","CN-SAX"
9379,"6107","汉中市","Hanzhong City",1,"CSO_PROCS","2020-09-06 19:00:11","Administrator","2020-09-06 19:00:11","CN-SAX"
9380,"6109","安康市","Ankang City",1,"CSO_PROCS","2020-09-06 19:00:11","Administrator","2020-09-06 19:00:11","CN-SAX"
9381,"6110","商洛市","Shangluo",1,"CSO_PROCS","2020-09-06 19:00:11","Administrator","2020-09-06 19:00:11","CN-SAX"
9382,"6201","兰州市","Lanzhou City",1,"CSO_PROCS","2020-09-06 19:00:11","Administrator","2020-09-06 19:00:11","CN-GS"
9383,"6203","金昌市","Jinchang",1,"CSO_PROCS","2020-09-06 19:00:11","Administrator","2020-09-06 19:00:11","CN-GS"
9384,"6204","白银市","Baiyin City",1,"CSO_PROCS","2020-09-06 19:00:11","Administrator","2020-09-06 19:00:11","CN-GS"
9385,"6205","天水市","Tianshui City",1,"CSO_PROCS","2020-09-06 19:00:11","Administrator","2020-09-06 19:00:11","CN-GS"
9386,"6206","武威市","Wuwei",1,"CSO_PROCS","2020-09-06 19:00:11","Administrator","2020-09-06 19:00:11","CN-GS"
9387,"6208","平凉市","Pingliang",1,"CSO_PROCS","2020-09-06 19:00:11","Administrator","2020-09-06 19:00:11","CN-GS"
9388,"6209","酒泉市","Jiuquan City",1,"CSO_PROCS","2020-09-06 19:00:11","Administrator","2020-09-06 19:00:11","CN-GS"
9389,"6210","庆阳市","Qingyang City",1,"CSO_PROCS","2020-09-06 19:00:11","Administrator","2020-09-06 19:00:11","CN-GS"
9390,"6212","陇南市","Longnan",1,"CSO_PROCS","2020-09-06 19:00:11","Administrator","2020-09-06 19:00:11","CN-GS"
9391,"6229","临夏回族自治州","Ningxia Hui Autonomous Region",1,"CSO_PROCS","2020-09-06 19:00:11","Administrator","2020-09-06 19:00:11","CN-GS"
9392,"6301","西宁市","Xining City",1,"CSO_PROCS","2020-09-06 19:00:11","Administrator","2020-09-06 19:00:11","CN-QH"
9393,"6321","海东市","Haidong Prefecture",1,"CSO_PROCS","2020-09-06 19:00:11","Administrator","2020-09-06 19:00:11","CN-QH"
9394,"6323","黄南藏族自治州","Huangnan Tibetan Autonomous Prefecture",1,"CSO_PROCS","2020-09-06 19:00:11","Administrator","2020-09-06 19:00:11","CN-QH"
9395,"6326","果洛藏族自治州","Golog Tibetan Autonomous Prefecture",1,"CSO_PROCS","2020-09-06 19:00:11","Administrator","2020-09-06 19:00:11","CN-QH"
9396,"6327","玉树藏族自治州","Yushu Tibetan Autonomous Prefecture",1,"CSO_PROCS","2020-09-06 19:00:11","Administrator","2020-09-06 19:00:11","CN-QH"
9397,"6401","银川市","Yinchuan City",1,"CSO_PROCS","2020-09-06 19:00:11","Administrator","2020-09-06 19:00:11","CN-NX"
9398,"6402","石嘴山市","Shizuishan",1,"CSO_PROCS","2020-09-06 19:00:11","Administrator","2020-09-06 19:00:11","CN-NX"
9399,"6403","吴忠市","Wuzhong",1,"CSO_PROCS","2020-09-06 19:00:11","Administrator","2020-09-06 19:00:11","CN-NX"
9400,"6404","固原市","Guyuan",1,"CSO_PROCS","2020-09-06 19:00:11","Administrator","2020-09-06 19:00:11","CN-NX"
9401,"6405","中卫市","Zhongwei City",1,"CSO_PROCS","2020-09-06 19:00:11","Administrator","2020-09-06 19:00:11","CN-NX"
9402,"6502","克拉玛依市","Karamay City",1,"CSO_PROCS","2020-09-06 19:00:11","Administrator","2020-09-06 19:00:11","CN-XJ"
9403,"6521","吐鲁番市","Turpan region",1,"CSO_PROCS","2020-09-06 19:00:11","Administrator","2020-09-06 19:00:11","CN-XJ"
9404,"6522","哈密市","Hami",1,"CSO_PROCS","2020-09-06 19:00:11","Administrator","2020-09-06 19:00:11","CN-XJ"
9405,"6527","博尔塔拉蒙古自治州","Mongolian Autonomous Prefecture of Bortala",1,"CSO_PROCS","2020-09-06 19:00:11","Administrator","2020-09-06 19:00:11","CN-XJ"
9406,"6529","阿克苏地区","Aksu Prefecture",1,"CSO_PROCS","2020-09-06 19:00:11","Administrator","2020-09-06 19:00:11","CN-XJ"
9407,"6530","克孜勒苏柯尔克孜自治州","Kizilsu Kirgiz Autonomous Prefecture",1,"CSO_PROCS","2020-09-06 19:00:11","Administrator","2020-09-06 19:00:11","CN-XJ"
9408,"6531","喀什地区","Kashi",1,"CSO_PROCS","2020-09-06 19:00:11","Administrator","2020-09-06 19:00:11","CN-XJ"
9409,"6540","伊犁哈萨克自治州","Ili Kazak Autonomous Prefecture",1,"CSO_PROCS","2020-09-06 19:00:11","Administrator","2020-09-06 19:00:11","CN-XJ"
9410,"6542","塔城地区","Tacheng",1,"CSO_PROCS","2020-09-06 19:00:11","Administrator","2020-09-06 19:00:11","CN-XJ"
9411,"6543","阿勒泰地区","Altay region",1,"CSO_PROCS","2020-09-06 19:00:11","Administrator","2020-09-06 19:00:11","CN-XJ"
9412,"6545","阿拉尔市","Alar City",1,"CSO_PROCS","2020-09-06 19:00:11","Administrator","2020-09-06 19:00:11","CN-XJ"
9413,"6546","图木舒克市","Tumshuq city",1,"CSO_PROCS","2020-09-06 19:00:11","Administrator","2020-09-06 19:00:11","CN-XJ"
9414,"6547","五家渠市","Wujiaqu City",1,"CSO_PROCS","2020-09-06 19:00:11","Administrator","2020-09-06 19:00:11","CN-XJ"
9415,"4211","黄冈市","Huanggang City",1,"CSO_PROCS","2020-09-06 19:00:11","Administrator","2020-09-06 19:00:11","CN-HB"
9416,"3610","抚州市","Fuzhou City",1,"CSO_PROCS","2020-09-06 19:00:11","Administrator","2020-09-06 19:00:11","CN-JX"
9417,"1507","呼伦贝尔市","Hulunbeir",1,"CSO_PROCS","2020-09-06 19:00:11","Administrator","2020-09-06 19:00:11","CN-NM"
9418,"4308","张家界市","Zhangjiajie City",1,"CSO_PROCS","2020-09-06 19:00:11","Administrator","2020-09-06 19:00:11","CN-HUN"
9419,"1304","邯郸市","Handan City",1,"CSO_PROCS","2020-09-06 19:00:11","Administrator","2020-09-06 19:00:11","CN-HEB"
9420,"1311","衡水市","Hengshui City",1,"CSO_PROCS","2020-09-06 19:00:11","Administrator","2020-09-06 19:00:11","CN-HEB"
9421,"1407","晋中市","Jinzhong City",1,"CSO_PROCS","2020-09-06 19:00:11","Administrator","2020-09-06 19:00:11","CN-SX"
9422,"1504","赤峰市","Chifeng City",1,"CSO_PROCS","2020-09-06 19:00:11","Administrator","2020-09-06 19:00:11","CN-NM"
9423,"2101","沈阳市","Shenyang",1,"CSO_PROCS","2020-09-06 19:00:11","Administrator","2020-09-06 19:00:11","CN-LN"
9424,"2108","营口市","Yingkou City",1,"CSO_PROCS","2020-09-06 19:00:11","Administrator","2020-09-06 19:00:11","CN-LN"
9425,"2201","长春市","Changchun",1,"CSO_PROCS","2020-09-06 19:00:11","Administrator","2020-09-06 19:00:11","CN-JL"
9426,"2208","白城市","White City",1,"CSO_PROCS","2020-09-06 19:00:11","Administrator","2020-09-06 19:00:11","CN-JL"
9427,"2306","大庆市","Daqing City",1,"CSO_PROCS","2020-09-06 19:00:11","Administrator","2020-09-06 19:00:11","CN-HLJ"
9428,"2327","大兴安岭地区","Daxinganling",1,"CSO_PROCS","2020-09-06 19:00:11","Administrator","2020-09-06 19:00:11","CN-HLJ"
9429,"3210","扬州市","Yangzhou",1,"CSO_PROCS","2020-09-06 19:00:11","Administrator","2020-09-06 19:00:11","CN-JS"
9430,"3303","温州市","Wenzhou",1,"CSO_PROCS","2020-09-06 19:00:11","Administrator","2020-09-06 19:00:11","CN-ZJ"
9431,"3309","舟山市","Zhoushan",1,"CSO_PROCS","2020-09-06 19:00:11","Administrator","2020-09-06 19:00:11","CN-ZJ"
9432,"3403","蚌埠市","Bengbu City",1,"CSO_PROCS","2020-09-06 19:00:11","Administrator","2020-09-06 19:00:11","CN-AH"
9433,"3410","黄山市","Huangshan City",1,"CSO_PROCS","2020-09-06 19:00:11","Administrator","2020-09-06 19:00:11","CN-AH"
9434,"3416","亳州市","Bozhou",1,"CSO_PROCS","2020-09-06 19:00:11","Administrator","2020-09-06 19:00:11","CN-AH"
9435,"3504","三明市","Sanming City",1,"CSO_PROCS","2020-09-06 19:00:11","Administrator","2020-09-06 19:00:11","CN-FJ"
9436,"3601","南昌市","Nanchang",1,"CSO_PROCS","2020-09-06 19:00:11","Administrator","2020-09-06 19:00:11","CN-JX"
9437,"3607","赣州市","Ganzhou",1,"CSO_PROCS","2020-09-06 19:00:11","Administrator","2020-09-06 19:00:11","CN-JX"
9438,"3703","淄博市","Zibo City",1,"CSO_PROCS","2020-09-06 19:00:11","Administrator","2020-09-06 19:00:11","CN-SD"
9439,"3708","济宁市","Jining City",1,"CSO_PROCS","2020-09-06 19:00:11","Administrator","2020-09-06 19:00:11","CN-SD"
9440,"3714","德州市","Dezhou",1,"CSO_PROCS","2020-09-06 19:00:11","Administrator","2020-09-06 19:00:11","CN-SD"
9441,"4103","洛阳市","Luoyang City",1,"CSO_PROCS","2020-09-06 19:00:11","Administrator","2020-09-06 19:00:11","CN-HEN"
9442,"4109","濮阳市","Puyang City",1,"CSO_PROCS","2020-09-06 19:00:11","Administrator","2020-09-06 19:00:11","CN-HEN"
9443,"4115","信阳市","Xinyang City",1,"CSO_PROCS","2020-09-06 19:00:11","Administrator","2020-09-06 19:00:11","CN-HEN"
9444,"4203","十堰市","Shiyan",1,"CSO_PROCS","2020-09-06 19:00:11","Administrator","2020-09-06 19:00:11","CN-HB"
9445,"4303","湘潭市","Xiangtan City",1,"CSO_PROCS","2020-09-06 19:00:11","Administrator","2020-09-06 19:00:11","CN-HUN"
9446,"4402","韶关市","Shaoguan City",1,"CSO_PROCS","2020-09-06 19:00:11","Administrator","2020-09-06 19:00:11","CN-GD"
9447,"4408","湛江市","Zhanjiang City",1,"CSO_PROCS","2020-09-06 19:00:11","Administrator","2020-09-06 19:00:11","CN-GD"
9448,"4452","揭阳市","Jieyang City",1,"CSO_PROCS","2020-09-06 19:00:11","Administrator","2020-09-06 19:00:11","CN-GD"
9449,"4505","北海市","Beihai",1,"CSO_PROCS","2020-09-06 19:00:11","Administrator","2020-09-06 19:00:11","CN-GX"
9450,"4511","贺州市","Hezhou",1,"CSO_PROCS","2020-09-06 19:00:11","Administrator","2020-09-06 19:00:11","CN-GX"
9451,"5103","自贡市","Zigong City",1,"CSO_PROCS","2020-09-06 19:00:11","Administrator","2020-09-06 19:00:11","CN-SC"
9452,"1101","北京市","Beijing",1,"CSO_PROCS","2020-09-06 19:00:11","Administrator","2020-09-06 19:00:11","CN-BJ"
9453,"1201","天津市","Tianjin",1,"CSO_PROCS","2020-09-06 19:00:11","Administrator","2020-09-06 19:00:11","CN-TJ"
9454,"1301","石家庄市","Shijiazhuang City",1,"CSO_PROCS","2020-09-06 19:00:11","Administrator","2020-09-06 19:00:11","CN-HEB"
9455,"1302","唐山市","Tangshan City",1,"CSO_PROCS","2020-09-06 19:00:11","Administrator","2020-09-06 19:00:11","CN-HEB"
9456,"1303","秦皇岛市","Qinhuangdao City",1,"CSO_PROCS","2020-09-06 19:00:11","Administrator","2020-09-06 19:00:11","CN-HEB"
9457,"1305","邢台市","Xingtai City",1,"CSO_PROCS","2020-09-06 19:00:11","Administrator","2020-09-06 19:00:11","CN-HEB"
9458,"1306","保定市","Baoding",1,"CSO_PROCS","2020-09-06 19:00:11","Administrator","2020-09-06 19:00:11","CN-HEB"
9459,"1307","张家口市","Zhangjiakou City",1,"CSO_PROCS","2020-09-06 19:00:11","Administrator","2020-09-06 19:00:11","CN-HEB"
9460,"1308","承德市","Chengde City",1,"CSO_PROCS","2020-09-06 19:00:11","Administrator","2020-09-06 19:00:11","CN-HEB"
9461,"1309","沧州市","Cangzhou City",1,"CSO_PROCS","2020-09-06 19:00:11","Administrator","2020-09-06 19:00:11","CN-HEB"
9462,"1310","廊坊市","Langfang City",1,"CSO_PROCS","2020-09-06 19:00:11","Administrator","2020-09-06 19:00:11","CN-HEB"
9463,"1401","太原市","Taiyuan",1,"CSO_PROCS","2020-09-06 19:00:11","Administrator","2020-09-06 19:00:11","CN-SX"
9464,"1402","大同市","Datong",1,"CSO_PROCS","2020-09-06 19:00:11","Administrator","2020-09-06 19:00:11","CN-SX"
9465,"1403","阳泉市","Yangquan",1,"CSO_PROCS","2020-09-06 19:00:11","Administrator","2020-09-06 19:00:11","CN-SX"
9466,"1404","长治市","Changzhi City",1,"CSO_PROCS","2020-09-06 19:00:11","Administrator","2020-09-06 19:00:11","CN-SX"
9467,"1405","晋城市","Jincheng",1,"CSO_PROCS","2020-09-06 19:00:11","Administrator","2020-09-06 19:00:11","CN-SX"
9468,"1406","朔州市","Shuozhou",1,"CSO_PROCS","2020-09-06 19:00:11","Administrator","2020-09-06 19:00:11","CN-SX"
9469,"1408","运城市","Yuncheng",1,"CSO_PROCS","2020-09-06 19:00:11","Administrator","2020-09-06 19:00:11","CN-SX"
9470,"1409","忻州市","Xinzhou",1,"CSO_PROCS","2020-09-06 19:00:11","Administrator","2020-09-06 19:00:11","CN-SX"
9471,"1410","临汾市","Linfen City",1,"CSO_PROCS","2020-09-06 19:00:11","Administrator","2020-09-06 19:00:11","CN-SX"
9472,"1411","吕梁市","Luliang",1,"CSO_PROCS","2020-09-06 19:00:11","Administrator","2020-09-06 19:00:11","CN-SX"
9473,"1501","呼和浩特市","Hohhot",1,"CSO_PROCS","2020-09-06 19:00:11","Administrator","2020-09-06 19:00:11","CN-NM"
9474,"1502","包头市","Baotou City",1,"CSO_PROCS","2020-09-06 19:00:11","Administrator","2020-09-06 19:00:11","CN-NM"
9475,"1503","乌海市","Wuhai",1,"CSO_PROCS","2020-09-06 19:00:11","Administrator","2020-09-06 19:00:11","CN-NM"
9476,"1505","通辽市","Tongliao",1,"CSO_PROCS","2020-09-06 19:00:11","Administrator","2020-09-06 19:00:11","CN-NM"
9477,"1506","鄂尔多斯市","Ordos City",1,"CSO_PROCS","2020-09-06 19:00:11","Administrator","2020-09-06 19:00:11","CN-NM"
9478,"1508","巴彦淖尔市","Bayannao'er",1,"CSO_PROCS","2020-09-06 19:00:11","Administrator","2020-09-06 19:00:11","CN-NM"
9479,"1509","乌兰察布市","Wulanchabu",1,"CSO_PROCS","2020-09-06 19:00:11","Administrator","2020-09-06 19:00:11","CN-NM"
9480,"1522","兴安盟","Hing'an",1,"CSO_PROCS","2020-09-06 19:00:11","Administrator","2020-09-06 19:00:11","CN-NM"
9481,"1525","锡林郭勒盟","Xilin Gol League",1,"CSO_PROCS","2020-09-06 19:00:11","Administrator","2020-09-06 19:00:11","CN-NM"
9482,"1529","阿拉善盟","Alashan",1,"CSO_PROCS","2020-09-06 19:00:11","Administrator","2020-09-06 19:00:11","CN-NM"
9483,"2102","大连市","Dalian",1,"CSO_PROCS","2020-09-06 19:00:11","Administrator","2020-09-06 19:00:11","CN-LN"
9484,"2103","鞍山市","Anshan City",1,"CSO_PROCS","2020-09-06 19:00:11","Administrator","2020-09-06 19:00:11","CN-LN"
9485,"2104","抚顺市","Fushun City",1,"CSO_PROCS","2020-09-06 19:00:11","Administrator","2020-09-06 19:00:11","CN-LN"
9486,"2105","本溪市","Benxi City",1,"CSO_PROCS","2020-09-06 19:00:11","Administrator","2020-09-06 19:00:11","CN-LN"
9487,"2106","丹东市","Dandong City",1,"CSO_PROCS","2020-09-06 19:00:11","Administrator","2020-09-06 19:00:11","CN-LN"
9488,"2107","锦州市","Jinzhou City",1,"CSO_PROCS","2020-09-06 19:00:11","Administrator","2020-09-06 19:00:11","CN-LN"
9489,"2109","阜新市","Fuxin City",1,"CSO_PROCS","2020-09-06 19:00:11","Administrator","2020-09-06 19:00:11","CN-LN"
9490,"2110","辽阳市","Liaoyang",1,"CSO_PROCS","2020-09-06 19:00:11","Administrator","2020-09-06 19:00:11","CN-LN"
9491,"2111","盘锦市","Panjin City",1,"CSO_PROCS","2020-09-06 19:00:11","Administrator","2020-09-06 19:00:11","CN-LN"
9492,"4619","三沙市",NULL,1,NULL,"2020-09-06 19:00:11","Administrator","2020-09-06 19:00:11","CN-HN"
9493,"6548","北屯市",NULL,1,NULL,"2020-09-06 19:00:11","Administrator","2020-09-06 19:00:11","CN-XJ"
9494,"6549","双河市",NULL,1,NULL,"2020-09-06 19:00:11","Administrator","2020-09-06 19:00:11","CN-XJ"
9495,"6550","可克达拉市",NULL,1,NULL,"2020-09-06 19:00:11","Administrator","2020-09-06 19:00:11","CN-XJ"
9496,"6551","铁门关市",NULL,1,NULL,"2020-09-06 19:00:11","Administrator","2020-09-06 19:00:11","CN-XJ"
9497,"6607","昆玉市","Kunyu City",1,"CSO_PROCS","2020-09-06 19:00:11","Administrator","2020-09-06 19:00:11","CN-XJ"
9498,"2112","铁岭市","Tieling City",1,"CSO_PROCS","2020-09-06 19:00:11","Administrator","2020-09-06 19:00:11","CN-LN"
9499,"2113","朝阳市","Chaoyang City",1,"CSO_PROCS","2020-09-06 19:00:11","Administrator","2020-09-06 19:00:11","CN-LN"
9500,"2114","葫芦岛市","Huludao City",1,"CSO_PROCS","2020-09-06 19:00:11","Administrator","2020-09-06 19:00:11","CN-LN"
9501,"2202","吉林市","Jilin",1,"CSO_PROCS","2020-09-06 19:00:11","Administrator","2020-09-06 19:00:11","CN-JL"
9502,"2203","四平市","Siping City",1,"CSO_PROCS","2020-09-06 19:00:11","Administrator","2020-09-06 19:00:11","CN-JL"
9503,"2204","辽源市","Liaoyuan City",1,"CSO_PROCS","2020-09-06 19:00:11","Administrator","2020-09-06 19:00:11","CN-JL"
9504,"2205","通化市","Tonghua City",1,"CSO_PROCS","2020-09-06 19:00:11","Administrator","2020-09-06 19:00:11","CN-JL"
9505,"2206","白山市","Baishan City",1,"CSO_PROCS","2020-09-06 19:00:11","Administrator","2020-09-06 19:00:11","CN-JL"
9506,"2207","松原市","Songyuan",1,"CSO_PROCS","2020-09-06 19:00:11","Administrator","2020-09-06 19:00:11","CN-JL"
9507,"2224","延边朝鲜族自治州","Yanbian Korean Autonomous Prefecture",1,"CSO_PROCS","2020-09-06 19:00:11","Administrator","2020-09-06 19:00:11","CN-JL"
9508,"2301","哈尔滨市","Harbin",1,"CSO_PROCS","2020-09-06 19:00:11","Administrator","2020-09-06 19:00:11","CN-HLJ"
9509,"2302","齐齐哈尔市","Qiqihar City",1,"CSO_PROCS","2020-09-06 19:00:11","Administrator","2020-09-06 19:00:11","CN-HLJ"
9510,"2303","鸡西市","Jixi",1,"CSO_PROCS","2020-09-06 19:00:11","Administrator","2020-09-06 19:00:11","CN-HLJ"
9511,"2304","鹤岗市","Hegang",1,"CSO_PROCS","2020-09-06 19:00:11","Administrator","2020-09-06 19:00:11","CN-HLJ"
9512,"2305","双鸭山市","Shuangyashan",1,"CSO_PROCS","2020-09-06 19:00:11","Administrator","2020-09-06 19:00:11","CN-HLJ"
9513,"2307","伊春市","Yichun City",1,"CSO_PROCS","2020-09-06 19:00:11","Administrator","2020-09-06 19:00:11","CN-HLJ"
9514,"2308","佳木斯市","Jiamusi City",1,"CSO_PROCS","2020-09-06 19:00:11","Administrator","2020-09-06 19:00:11","CN-HLJ"
9515,"2309","七台河市","Qitaihe",1,"CSO_PROCS","2020-09-06 19:00:11","Administrator","2020-09-06 19:00:11","CN-HLJ"
9516,"2310","牡丹江市","Mudanjiang City",1,"CSO_PROCS","2020-09-06 19:00:11","Administrator","2020-09-06 19:00:11","CN-HLJ"
9517,"2311","黑河市","Heihe City",1,"CSO_PROCS","2020-09-06 19:00:11","Administrator","2020-09-06 19:00:11","CN-HLJ"
9518,"2312","绥化市","Suihua",1,"CSO_PROCS","2020-09-06 19:00:11","Administrator","2020-09-06 19:00:11","CN-HLJ"
9519,"3101","上海市","Shanghai",1,"CSO_PROCS","2020-09-06 19:00:11","Administrator","2020-09-06 19:00:11","CN-SH"
9520,"3201","南京市","Nanjing",1,"CSO_PROCS","2020-09-06 19:00:11","Administrator","2020-09-06 19:00:11","CN-JS"
9521,"3202","无锡市","Wuxi",1,"CSO_PROCS","2020-09-06 19:00:11","Administrator","2020-09-06 19:00:11","CN-JS"
9522,"3203","徐州市","Xuzhou",1,"CSO_PROCS","2020-09-06 19:00:11","Administrator","2020-09-06 19:00:11","CN-JS"
9523,"3204","常州市","Changzhou",1,"CSO_PROCS","2020-09-06 19:00:11","Administrator","2020-09-06 19:00:11","CN-JS"
9524,"3205","苏州市","Suzhou",1,"CSO_PROCS","2020-09-06 19:00:11","Administrator","2020-09-06 19:00:11","CN-JS"
9525,"3206","南通市","Nantong",1,"CSO_PROCS","2020-09-06 19:00:11","Administrator","2020-09-06 19:00:11","CN-JS"
9526,"3207","连云港市","Lianyungang",1,"CSO_PROCS","2020-09-06 19:00:11","Administrator","2020-09-06 19:00:11","CN-JS"
9527,"3208","淮安市","Huai'an",1,"CSO_PROCS","2020-09-06 19:00:11","Administrator","2020-09-06 19:00:11","CN-JS"
9528,"3209","盐城市","Yancheng",1,"CSO_PROCS","2020-09-06 19:00:11","Administrator","2020-09-06 19:00:11","CN-JS"
9529,"3211","镇江市","Zhenjiang City",1,"CSO_PROCS","2020-09-06 19:00:11","Administrator","2020-09-06 19:00:11","CN-JS"
9530,"3212","泰州市","Taizhou City",1,"CSO_PROCS","2020-09-06 19:00:11","Administrator","2020-09-06 19:00:11","CN-JS"
9531,"3213","宿迁市","Suqian",1,"CSO_PROCS","2020-09-06 19:00:11","Administrator","2020-09-06 19:00:11","CN-JS"
9532,"3301","杭州市","Hangzhou",1,"CSO_PROCS","2020-09-06 19:00:11","Administrator","2020-09-06 19:00:11","CN-ZJ"
9533,"3302","宁波市","Ningbo",1,"CSO_PROCS","2020-09-06 19:00:11","Administrator","2020-09-06 19:00:11","CN-ZJ"
9534,"3304","嘉兴市","Jiaxing",1,"CSO_PROCS","2020-09-06 19:00:11","Administrator","2020-09-06 19:00:11","CN-ZJ"
9535,"3305","湖州市","Huzhou City",1,"CSO_PROCS","2020-09-06 19:00:11","Administrator","2020-09-06 19:00:11","CN-ZJ"
9536,"3306","绍兴市","Shaoxing",1,"CSO_PROCS","2020-09-06 19:00:11","Administrator","2020-09-06 19:00:11","CN-ZJ"
9537,"3307","金华市","Jinhua City",1,"CSO_PROCS","2020-09-06 19:00:11","Administrator","2020-09-06 19:00:11","CN-ZJ"
9538,"3308","衢州市","Quzhou City",1,"CSO_PROCS","2020-09-06 19:00:11","Administrator","2020-09-06 19:00:11","CN-ZJ"
9539,"3310","台州市","Taizhou",1,"CSO_PROCS","2020-09-06 19:00:11","Administrator","2020-09-06 19:00:11","CN-ZJ"
9540,"3311","丽水市","Lishui City",1,"CSO_PROCS","2020-09-06 19:00:11","Administrator","2020-09-06 19:00:11","CN-ZJ"
9541,"3401","合肥市","Hefei",1,"CSO_PROCS","2020-09-06 19:00:11","Administrator","2020-09-06 19:00:11","CN-AH"
9542,"3402","芜湖市","Wuhu City",1,"CSO_PROCS","2020-09-06 19:00:11","Administrator","2020-09-06 19:00:11","CN-AH"
9543,"3404","淮南市","Huainan City",1,"CSO_PROCS","2020-09-06 19:00:11","Administrator","2020-09-06 19:00:11","CN-AH"
9544,"3405","马鞍山市","Ma'anshan",1,"CSO_PROCS","2020-09-06 19:00:11","Administrator","2020-09-06 19:00:11","CN-AH"
9545,"3406","淮北市","Huaibei City",1,"CSO_PROCS","2020-09-06 19:00:11","Administrator","2020-09-06 19:00:11","CN-AH"
9546,"3407","铜陵市","Tongling City",1,"CSO_PROCS","2020-09-06 19:00:11","Administrator","2020-09-06 19:00:11","CN-AH"
9547,"3408","安庆市","Anqing City",1,"CSO_PROCS","2020-09-06 19:00:11","Administrator","2020-09-06 19:00:11","CN-AH"
9548,"3411","滁州市","Chuzhou",1,"CSO_PROCS","2020-09-06 19:00:11","Administrator","2020-09-06 19:00:11","CN-AH"
9549,"3412","阜阳市","Fuyang City",1,"CSO_PROCS","2020-09-06 19:00:11","Administrator","2020-09-06 19:00:11","CN-AH"
9550,"3413","宿州市","Suzhou City",1,"CSO_PROCS","2020-09-06 19:00:11","Administrator","2020-09-06 19:00:11","CN-AH"
9551,"3414","巢湖市","Chaohu City",0,"CSO_PROCS","2020-09-06 19:00:11","Administrator","2020-09-06 19:00:11","CN-AH"
9552,"3415","六安市","Lu'an City",1,"CSO_PROCS","2020-09-06 19:00:11","Administrator","2020-09-06 19:00:11","CN-AH"
9553,"3417","池州市","Chizhou",1,"CSO_PROCS","2020-09-06 19:00:11","Administrator","2020-09-06 19:00:11","CN-AH"
9554,"3418","宣城市","Xuancheng",1,"CSO_PROCS","2020-09-06 19:00:11","Administrator","2020-09-06 19:00:11","CN-AH"
9555,"3501","福州市","Fuzhou",1,"CSO_PROCS","2020-09-06 19:00:11","Administrator","2020-09-06 19:00:11","CN-FJ"
9556,"3502","厦门市","Xiamen",1,"CSO_PROCS","2020-09-06 19:00:11","Administrator","2020-09-06 19:00:11","CN-FJ"
9557,"3503","莆田市","Putian City",1,"CSO_PROCS","2020-09-06 19:00:11","Administrator","2020-09-06 19:00:11","CN-FJ"
9558,"3505","泉州市","Quanzhou",1,"CSO_PROCS","2020-09-06 19:00:11","Administrator","2020-09-06 19:00:11","CN-FJ"
9559,"3506","漳州市","Zhangzhou City",1,"CSO_PROCS","2020-09-06 19:00:11","Administrator","2020-09-06 19:00:11","CN-FJ"
9560,"3507","南平市","Nanping City",1,"CSO_PROCS","2020-09-06 19:00:11","Administrator","2020-09-06 19:00:11","CN-FJ"
9561,"3508","龙岩市","Longyan City",1,"CSO_PROCS","2020-09-06 19:00:11","Administrator","2020-09-06 19:00:11","CN-FJ"
9562,"3509","宁德市","Ningde City",1,"CSO_PROCS","2020-09-06 19:00:11","Administrator","2020-09-06 19:00:11","CN-FJ"
9563,"3602","景德镇市","Jingdezhen City",1,"CSO_PROCS","2020-09-06 19:00:11","Administrator","2020-09-06 19:00:11","CN-JX"
9564,"3603","萍乡市","Pingxiang",1,"CSO_PROCS","2020-09-06 19:00:11","Administrator","2020-09-06 19:00:11","CN-JX"
9565,"3604","九江市","Jiujiang City",1,"CSO_PROCS","2020-09-06 19:00:11","Administrator","2020-09-06 19:00:11","CN-JX"
9566,"3605","新余市","Xinyu City",1,"CSO_PROCS","2020-09-06 19:00:11","Administrator","2020-09-06 19:00:11","CN-JX"
9567,"3606","鹰潭市","Yingtan",1,"CSO_PROCS","2020-09-06 19:00:11","Administrator","2020-09-06 19:00:11","CN-JX"
9568,"3608","吉安市","Ji'an City",1,"CSO_PROCS","2020-09-06 19:00:11","Administrator","2020-09-06 19:00:11","CN-JX"
9569,"3609","宜春市","Yichun City",1,"CSO_PROCS","2020-09-06 19:00:11","Administrator","2020-09-06 19:00:11","CN-JX"
9570,"3611","上饶市","Shangrao",1,"CSO_PROCS","2020-09-06 19:00:11","Administrator","2020-09-06 19:00:11","CN-JX"
9571,"3701","济南市","Jinan",1,"CSO_PROCS","2020-09-06 19:00:11","Administrator","2020-09-06 19:00:11","CN-SD"
9572,"3702","青岛市","Qingdao",1,"CSO_PROCS","2020-09-06 19:00:11","Administrator","2020-09-06 19:00:11","CN-SD"
9573,"3704","枣庄市","Zaozhuang",1,"CSO_PROCS","2020-09-06 19:00:11","Administrator","2020-09-06 19:00:11","CN-SD"
9574,"3705","东营市","Dongying City",1,"CSO_PROCS","2020-09-06 19:00:11","Administrator","2020-09-06 19:00:11","CN-SD"
9575,"3706","烟台市","Yantai",1,"CSO_PROCS","2020-09-06 19:00:11","Administrator","2020-09-06 19:00:11","CN-SD"
9576,"3707","潍坊市","Weifang City",1,"CSO_PROCS","2020-09-06 19:00:11","Administrator","2020-09-06 19:00:11","CN-SD"
9577,"3709","泰安市","Tai'an",1,"CSO_PROCS","2020-09-06 19:00:11","Administrator","2020-09-06 19:00:11","CN-SD"
9578,"3710","威海市","Weihai",1,"CSO_PROCS","2020-09-06 19:00:11","Administrator","2020-09-06 19:00:11","CN-SD"
9579,"6601","未知","Unknown",0,"CSO_PROCS","2020-09-06 19:00:11","Administrator","2020-09-06 19:00:11","66"
9580,"4210","荆州市","Jingzhou City",1,"CSO_PROCS","2020-09-06 19:00:11","Administrator","2020-09-06 19:00:11","CN-HB"
9581,"4310","郴州市","Chenzhou City",1,"CSO_PROCS","2020-09-06 19:00:11","Administrator","2020-09-06 19:00:11","CN-HUN"
9582,"4416","河源市","Heyuan City",1,"CSO_PROCS","2020-09-06 19:00:11","Administrator","2020-09-06 19:00:11","CN-GD"
9583,"4509","玉林市","Yulin City",1,"CSO_PROCS","2020-09-06 19:00:11","Administrator","2020-09-06 19:00:11","CN-GX"
9584,"4601","海口市","Haikou City",1,"CSO_PROCS","2020-09-06 19:00:11","Administrator","2020-09-06 19:00:11","CN-HN"
9585,"4605","儋州市","Danzhou",1,"CSO_PROCS","2020-09-06 19:00:11","Administrator","2020-09-06 19:00:11","CN-HN"
9586,"4609","定安县","Ding'an",1,"CSO_PROCS","2020-09-06 19:00:11","Administrator","2020-09-06 19:00:11","CN-HN"
9587,"4612","临高县","Lingao County",1,"CSO_PROCS","2020-09-06 19:00:11","Administrator","2020-09-06 19:00:11","CN-HN"
9588,"4614","昌江黎族自治县","Changjiang Li Autonomous County",1,"CSO_PROCS","2020-09-06 19:00:11","Administrator","2020-09-06 19:00:11","CN-HN"
9589,"4617","保亭黎族苗族自治县","Baoting Li and Miao Autonomous County",1,"CSO_PROCS","2020-09-06 19:00:11","Administrator","2020-09-06 19:00:11","CN-HN"
9590,"5101","成都市","Chengdu",1,"CSO_PROCS","2020-09-06 19:00:11","Administrator","2020-09-06 19:00:11","CN-SC"
9591,"5107","绵阳市","Mianyang City",1,"CSO_PROCS","2020-09-06 19:00:11","Administrator","2020-09-06 19:00:11","CN-SC"
9592,"5109","遂宁市","Suining",1,"CSO_PROCS","2020-09-06 19:00:11","Administrator","2020-09-06 19:00:11","CN-SC"
9593,"5113","南充市","Nanchong City",1,"CSO_PROCS","2020-09-06 19:00:11","Administrator","2020-09-06 19:00:11","CN-SC"
9594,"5118","雅安市","Ya'an City",1,"CSO_PROCS","2020-09-06 19:00:11","Administrator","2020-09-06 19:00:11","CN-SC"
9595,"5132","阿坝藏族羌族自治州","Aba Tibetan and Qiang Autonomous Prefecture",1,"CSO_PROCS","2020-09-06 19:00:11","Administrator","2020-09-06 19:00:11","CN-SC"
9596,"5201","贵阳市","Guiyang",1,"CSO_PROCS","2020-09-06 19:00:11","Administrator","2020-09-06 19:00:11","CN-GZ"
9597,"5222","铜仁市","Tongren Prefecture",1,"CSO_PROCS","2020-09-06 19:00:11","Administrator","2020-09-06 19:00:11","CN-GZ"
9598,"5223","黔西南布依族苗族自治州","Southwest Guizhou Buyi and Miao Autonomous Prefecture",1,"CSO_PROCS","2020-09-06 19:00:11","Administrator","2020-09-06 19:00:11","CN-GZ"
9599,"5301","昆明市","Kunming",1,"CSO_PROCS","2020-09-06 19:00:11","Administrator","2020-09-06 19:00:11","CN-YN"
9600,"5307","丽江市","Lijiang City",1,"CSO_PROCS","2020-09-06 19:00:11","Administrator","2020-09-06 19:00:11","CN-YN"
9601,"5323","楚雄彝族自治州","Chuxiong Yi Autonomous Prefecture",1,"CSO_PROCS","2020-09-06 19:00:11","Administrator","2020-09-06 19:00:11","CN-YN"
9602,"5326","文山壮族苗族自治州","Wenshan Zhuang and Miao Autonomous Prefecture",1,"CSO_PROCS","2020-09-06 19:00:11","Administrator","2020-09-06 19:00:11","CN-YN"
9603,"5331","德宏傣族景颇族自治州","Dehong Dai-Jingpo Autonomous Prefecture",1,"CSO_PROCS","2020-09-06 19:00:11","Administrator","2020-09-06 19:00:11","CN-YN"
9604,"5334","迪庆藏族自治州","Diqing Tibetan Autonomous Prefecture",1,"CSO_PROCS","2020-09-06 19:00:11","Administrator","2020-09-06 19:00:11","CN-YN"
9605,"6101","西安市","Xi'an",1,"CSO_PROCS","2020-09-06 19:00:11","Administrator","2020-09-06 19:00:11","CN-SAX"
9606,"6105","渭南市","Weinan City",1,"CSO_PROCS","2020-09-06 19:00:11","Administrator","2020-09-06 19:00:11","CN-SAX"
9607,"6108","榆林市","Yulin City",1,"CSO_PROCS","2020-09-06 19:00:11","Administrator","2020-09-06 19:00:11","CN-SAX"
9608,"6202","嘉峪关市","Jiayuguan City",1,"CSO_PROCS","2020-09-06 19:00:11","Administrator","2020-09-06 19:00:11","CN-GS"
9609,"6207","张掖市","Zhangye City",1,"CSO_PROCS","2020-09-06 19:00:11","Administrator","2020-09-06 19:00:11","CN-GS"
9610,"6211","定西市","Dingxi",1,"CSO_PROCS","2020-09-06 19:00:11","Administrator","2020-09-06 19:00:11","CN-GS"
9611,"6230","甘南藏族自治州","Gannan Tibetan Autonomous Prefecture",1,"CSO_PROCS","2020-09-06 19:00:11","Administrator","2020-09-06 19:00:11","CN-GS"
9612,"6322","海北藏族自治州","Haibei Tibetan Autonomous Prefecture",1,"CSO_PROCS","2020-09-06 19:00:11","Administrator","2020-09-06 19:00:11","CN-QH"
9613,"6325","海南藏族自治州","Hainan Tibetan Autonomous Prefecture",1,"CSO_PROCS","2020-09-06 19:00:11","Administrator","2020-09-06 19:00:11","CN-QH"
9614,"6328","海西蒙古族藏族自治州","Haixi Mongolian-Tibetan Autonomous Prefecture",1,"CSO_PROCS","2020-09-06 19:00:11","Administrator","2020-09-06 19:00:11","CN-QH"
9615,"6501","乌鲁木齐市","Urumqi",1,"CSO_PROCS","2020-09-06 19:00:11","Administrator","2020-09-06 19:00:11","CN-XJ"
9616,"6523","昌吉回族自治州","Changji Hui Autonomous Prefecture",1,"CSO_PROCS","2020-09-06 19:00:11","Administrator","2020-09-06 19:00:11","CN-XJ"
9617,"6528","巴音郭楞蒙古自治州","Mongolian Autonomous Prefecture of Bayingolin",1,"CSO_PROCS","2020-09-06 19:00:11","Administrator","2020-09-06 19:00:11","CN-XJ"
9618,"6532","和田地区","Hotan Prefecture",1,"CSO_PROCS","2020-09-06 19:00:11","Administrator","2020-09-06 19:00:11","CN-XJ"
9619,"6544","石河子市","Shihezi City",1,"CSO_PROCS","2020-09-06 19:00:11","Administrator","2020-09-06 19:00:11","CN-XJ"
9620,"6701","虚拟省份",NULL,1,NULL,"2020-09-06 19:00:11","Administrator","2020-09-06 19:00:11","67"
